{
    "fold1":{
        "lstm":0.9820627803,
        "bi_lstm":0.9847533632
    },
    "fold2":{
        "lstm":0.9793721973,
        "bi_lstm":0.9757847534
    },
    "fold3":{
        "lstm":0.9802513465,
        "bi_lstm":0.9766606822
    },
    "fold4":{
        "lstm":0.9784560144,
        "bi_lstm":0.9766606822
    },
    "fold5":{
        "lstm":0.9802513465,
        "bi_lstm":0.9802513465
    },
    "mean":{
        "lstm":0.980078737,
        "bi_lstm":0.9788221655
    }
}