{
    "fold1":{
        "lstm":0.9895470383,
        "bi_lstm":0.9930313589
    },
    "fold2":{
        "lstm":0.984063745,
        "bi_lstm":0.9925298805
    },
    "fold3":{
        "lstm":0.9925298805,
        "bi_lstm":0.9930278884
    },
    "fold4":{
        "lstm":0.9312749004,
        "bi_lstm":0.9243027888
    },
    "fold5":{
        "lstm":0.9795816733,
        "bi_lstm":0.96812749
    },
    "mean":{
        "lstm":0.9753994475,
        "bi_lstm":0.9742038813
    }
}