{
    "fold1":{
        "lstm":0.9315068493,
        "bi_lstm":0.9423728814
    },
    "fold2":{
        "lstm":0.9215017065,
        "bi_lstm":0.9065743945
    },
    "fold3":{
        "lstm":0.9230769231,
        "bi_lstm":0.9115646259
    },
    "fold4":{
        "lstm":0.9172413793,
        "bi_lstm":0.9109589041
    },
    "fold5":{
        "lstm":0.925170068,
        "bi_lstm":0.9225352113
    },
    "mean":{
        "lstm":0.9236993852,
        "bi_lstm":0.9188012034
    }
}