{
    "fold1":{
        "lstm":0.9900332226,
        "bi_lstm":0.9933396765
    },
    "fold2":{
        "lstm":0.9846743295,
        "bi_lstm":0.9927849928
    },
    "fold3":{
        "lstm":0.9928057554,
        "bi_lstm":0.9932950192
    },
    "fold4":{
        "lstm":0.9293756397,
        "bi_lstm":0.9218910586
    },
    "fold5":{
        "lstm":0.9801067443,
        "bi_lstm":0.9688412853
    },
    "mean":{
        "lstm":0.9753991383,
        "bi_lstm":0.9740304065
    }
}