{
    "fold1":{
        "lstm":0.9900641211,
        "bi_lstm":0.9933837429
    },
    "fold2":{
        "lstm":0.9840778667,
        "bi_lstm":0.9924110619
    },
    "fold3":{
        "lstm":0.9925002881,
        "bi_lstm":0.993056984
    },
    "fold4":{
        "lstm":0.9368220083,
        "bi_lstm":0.9306143924
    },
    "fold5":{
        "lstm":0.9794040602,
        "bi_lstm":0.9680148259
    },
    "mean":{
        "lstm":0.9765736689,
        "bi_lstm":0.9754962014
    }
}