{
    "fold1":{
        "lstm":0.9716789948,
        "bi_lstm":0.9736402417
    },
    "fold2":{
        "lstm":0.9643119226,
        "bi_lstm":0.961489415
    },
    "fold3":{
        "lstm":0.9730517225,
        "bi_lstm":0.9543290274
    },
    "fold4":{
        "lstm":0.9634092118,
        "bi_lstm":0.9567960361
    },
    "fold5":{
        "lstm":0.9622575709,
        "bi_lstm":0.975992131
    },
    "mean":{
        "lstm":0.9669418845,
        "bi_lstm":0.9644493703
    }
}